{
    "skewness": 0.3864497571527743,
    "kurtosis": 2.637416254839261
}