{
    "skewness": 0.36361506724534565,
    "kurtosis": 1.8968229594724217
}