{
    "skewness": 0.3226451104397244,
    "kurtosis": 0.5695850778160341
}