{
    "skewness": -0.49521668102402644,
    "kurtosis": 0.6190984848814471
}