{
    "skewness": 1.5423162374859591,
    "kurtosis": 9.069100618056657
}