{
    "skewness": 0.4278571734348544,
    "kurtosis": 1.2680499216118744
}