{
    "skewness": 0.9159440793972999,
    "kurtosis": 2.0622153698886683
}