{
    "skewness": 1.207947080713452,
    "kurtosis": 5.361950308683932
}