{
    "skewness": 0.18901723789236774,
    "kurtosis": 1.2321805534819443
}