{
    "skewness": -0.03468865928446181,
    "kurtosis": 1.0021926390086557
}