{
    "skewness": -3.3031360639788914,
    "kurtosis": 16.678927159252023
}