{
    "skewness": -0.22107526665029767,
    "kurtosis": 0.4239741294266137
}