{
    "skewness": -0.12322429770203527,
    "kurtosis": 0.12295029274538338
}