{
    "skewness": -0.20527823776896914,
    "kurtosis": 0.5496591049675983
}