{
    "skewness": 0.16514418934302946,
    "kurtosis": 1.1758070367294557
}