{
    "skewness": -0.8054877929695906,
    "kurtosis": 0.5387449182411079
}