{
    "skewness": -0.8682720713909022,
    "kurtosis": 7.687702086275619
}