{
    "skewness": -0.3767903305784866,
    "kurtosis": 15.287461398423499
}