{
    "skewness": -0.4437246454810916,
    "kurtosis": 0.4987813114493287
}