{
    "skewness": 1.1523711205385665,
    "kurtosis": 4.693458148087239
}