{
    "skewness": -0.6206278833738157,
    "kurtosis": 0.6590184116167017
}