{
    "skewness": -0.20397589818088077,
    "kurtosis": 0.9506011939910168
}