{
    "skewness": 0.5022867976340278,
    "kurtosis": 4.198786567283834
}