{
    "skewness": -0.07017162546160752,
    "kurtosis": 1.700546732010408
}