{
    "skewness": 0.36906813522752546,
    "kurtosis": 1.3631396081804743
}