{
    "skewness": 0.15401140970936938,
    "kurtosis": -0.1057670301868816
}