{
    "skewness": 0.7092471858204644,
    "kurtosis": 1.2567647124379526
}