{
    "skewness": -0.19351497815236973,
    "kurtosis": 0.3024903613779535
}