{
    "skewness": 0.22917127058160347,
    "kurtosis": 0.22093533454630299
}