{
    "skewness": 0.013722500521462407,
    "kurtosis": 4.08726578599576
}