{
    "skewness": 0.9193163262825637,
    "kurtosis": 12.071334079949667
}