{
    "skewness": 3.4111932055011076,
    "kurtosis": 18.583058656930415
}