{
    "skewness": 0.7413988146002568,
    "kurtosis": 1.303049757976102
}