{
    "skewness": 2.8860478915331025,
    "kurtosis": 21.496777198877265
}