{
    "skewness": 0.051925093105306956,
    "kurtosis": 0.08572786655720233
}