{
    "skewness": 0.0021471276851739865,
    "kurtosis": 0.27099366518585644
}