{
    "skewness": -0.6999873553879034,
    "kurtosis": 0.3667720718386538
}