{
    "skewness": 0.5670382448415706,
    "kurtosis": 4.91986524317154
}