{
    "skewness": 3.2334204000597695,
    "kurtosis": 14.573980786996806
}