{
    "skewness": 0.9129215347841496,
    "kurtosis": 2.825843514015758
}