{
    "skewness": -0.05536104658679789,
    "kurtosis": 0.18613316000616065
}