{
    "skewness": -0.26573529120462497,
    "kurtosis": -0.16162295803088833
}