{
    "skewness": -0.516199957835899,
    "kurtosis": 0.11580783411953721
}