{
    "skewness": 2.9664562691623173,
    "kurtosis": 16.86335946235449
}