{
    "skewness": -0.5885048539873033,
    "kurtosis": 0.9744781028126583
}