{
    "skewness": 1.950723589053189,
    "kurtosis": 10.247706962536757
}