{
    "skewness": 0.21177432358641804,
    "kurtosis": 0.5364100433517591
}