{
    "skewness": -0.9504458572365051,
    "kurtosis": 1.6227883680267272
}