{
    "skewness": -0.1625068515040574,
    "kurtosis": 1.0574483884043584
}