{
    "skewness": -1.2376138988136403,
    "kurtosis": 10.598649429558732
}