{
    "skewness": 0.11777226079413151,
    "kurtosis": 0.8468064418499037
}