{
    "skewness": 0.3069260552457149,
    "kurtosis": 4.89485000924175
}