{
    "skewness": 3.584984334424232,
    "kurtosis": 23.467797871084393
}