{
    "skewness": 0.013577923021695214,
    "kurtosis": 0.44946234411031893
}