{
    "skewness": -0.3732984842394999,
    "kurtosis": -0.047055017670414756
}