{
    "skewness": -1.9960220044678425,
    "kurtosis": 8.284128906415187
}