{
    "skewness": 0.2972532260119743,
    "kurtosis": 10.96473422259573
}