{
    "skewness": 0.3702121169197189,
    "kurtosis": 0.9699678864834991
}