{
    "skewness": 0.17900571467522558,
    "kurtosis": 0.5970170496730907
}