{
    "skewness": 0.588712578096005,
    "kurtosis": 5.825443315602456
}