{
    "skewness": -0.6499075217534765,
    "kurtosis": 2.281994503477292
}