{
    "skewness": -0.44650575759595834,
    "kurtosis": 0.23355104198983767
}