{
    "skewness": -0.6452965186856433,
    "kurtosis": 0.09737671019249561
}