{
    "skewness": 0.2747017260931579,
    "kurtosis": 0.3496606899904773
}