{
    "skewness": -0.4650055057158549,
    "kurtosis": 0.5083371666845058
}