{
    "skewness": 1.3394618609677165,
    "kurtosis": 4.5232109281350406
}