{
    "skewness": -0.31483456318257574,
    "kurtosis": 2.654736065235018
}