{
    "skewness": -0.20334902260725476,
    "kurtosis": -0.12411715158038517
}