{
    "skewness": -0.05815102410275205,
    "kurtosis": 0.7995224157149878
}