{
    "skewness": 0.7668024909474737,
    "kurtosis": 6.6388173276419025
}