{
    "skewness": -0.5284943117188494,
    "kurtosis": 0.025529598369173456
}