{
    "skewness": 0.045045074167279174,
    "kurtosis": 0.035604694831922856
}