{
    "skewness": 0.6487701460946823,
    "kurtosis": 2.4543008447809775
}