{
    "skewness": 2.5464576593473387,
    "kurtosis": 8.155690515183704
}