{
    "skewness": 1.6855083839992662,
    "kurtosis": 14.024637297073763
}