{
    "skewness": -0.3529348595704062,
    "kurtosis": 0.15619356278355445
}