{
    "skewness": -0.525992820196523,
    "kurtosis": 2.4504188161309273
}