{
    "skewness": 0.5333607419931529,
    "kurtosis": 1.8778228903231051
}