{
    "skewness": 0.486139708264971,
    "kurtosis": 2.543192094499344
}