{
    "skewness": -0.2830289963190773,
    "kurtosis": 0.2475128359963472
}