{
    "skewness": 2.6306726565284455,
    "kurtosis": 8.970059424763187
}