{
    "skewness": -0.8086460066603222,
    "kurtosis": 1.048927407135083
}