{
    "skewness": -0.34586419114620065,
    "kurtosis": 1.715364951804725
}