{
    "skewness": 0.543625162347659,
    "kurtosis": 3.756600019615452
}