{
    "skewness": 0.3133649838341205,
    "kurtosis": 0.5563457617098102
}