{
    "skewness": -0.590525391726952,
    "kurtosis": 0.25910471189759754
}