{
    "skewness": 0.9375058171551494,
    "kurtosis": 1.4088167968458674
}