{
    "skewness": -0.6140509541134463,
    "kurtosis": 1.5780249213963158
}