{
    "skewness": -0.45490784767558884,
    "kurtosis": 0.6362921639005394
}