{
    "skewness": -0.5215768325794975,
    "kurtosis": 0.0796765218342892
}