{
    "skewness": -0.3255248650690613,
    "kurtosis": 1.1051027113680973
}