{
    "skewness": -0.1175496767917245,
    "kurtosis": -0.05117792689946299
}