{
    "skewness": -1.0018019974963819,
    "kurtosis": 2.557305377268407
}