{
    "skewness": 0.20770374430003227,
    "kurtosis": 1.4823673517890912
}