{
    "skewness": -0.022194613115616994,
    "kurtosis": 0.3125592301269582
}