{
    "skewness": 0.3637399344767657,
    "kurtosis": 3.488411685885106
}