{
    "skewness": 0.3098448831483746,
    "kurtosis": 0.9086780152872271
}