{
    "skewness": 1.990974743057836,
    "kurtosis": 7.834634194256857
}