{
    "skewness": 1.069046927721376,
    "kurtosis": 25.174523155653638
}