{
    "skewness": 1.0370287865867074,
    "kurtosis": 2.427795893763487
}