{
    "skewness": 0.15108531099147623,
    "kurtosis": 1.874962632812741
}