{
    "skewness": 2.826895100802999,
    "kurtosis": 14.226202885086348
}