{
    "skewness": 0.09444727835617266,
    "kurtosis": 0.8386000987268489
}