{
    "skewness": 0.45102745242379005,
    "kurtosis": 0.6498535725460246
}