{
    "skewness": 0.12910884080951404,
    "kurtosis": 1.486433196363496
}