{
    "skewness": -0.46488812649808703,
    "kurtosis": 0.10257834879254313
}