{
    "skewness": -1.1245544681662196,
    "kurtosis": 1.309459871905613
}