{
    "skewness": -0.11435409922114544,
    "kurtosis": 0.5802530011401941
}