{
    "skewness": 0.11462160096014068,
    "kurtosis": 1.7943330791619285
}