{
    "skewness": -5.254376958582846,
    "kurtosis": 42.32938663227334
}