{
    "skewness": -0.26047704376368896,
    "kurtosis": 0.11435029832238852
}