{
    "skewness": 0.4234591217869914,
    "kurtosis": 0.7460268174703915
}