{
    "skewness": 0.03871787781515476,
    "kurtosis": 0.10054575691034762
}