{
    "skewness": -0.5832917772266342,
    "kurtosis": 0.6860965717601126
}