{
    "skewness": 0.4703742195083581,
    "kurtosis": 5.471275552264734
}