{
    "skewness": 2.8988829895950716,
    "kurtosis": 16.96387214679298
}