{
    "skewness": 0.2785597467625843,
    "kurtosis": 1.0892367089867596
}