{
    "skewness": 0.5019328356218563,
    "kurtosis": 2.305397015253833
}