{
    "skewness": 1.1937676354172422,
    "kurtosis": 3.0783879096834266
}