{
    "skewness": 0.667764983117799,
    "kurtosis": 2.8209333295801695
}