{
    "skewness": 0.38609697181956665,
    "kurtosis": 5.087875353947302
}