{
    "skewness": 0.7876704519169593,
    "kurtosis": 3.158367310135187
}