{
    "skewness": -1.9065017016365393,
    "kurtosis": 12.822167037305421
}