{
    "skewness": 0.4148209426323581,
    "kurtosis": 0.23255669981602312
}