{
    "skewness": -3.0321431547807096,
    "kurtosis": 11.731749835713336
}