{
    "skewness": 1.6604672263683626,
    "kurtosis": 8.465090298090088
}