{
    "skewness": 1.5062710769892191,
    "kurtosis": 7.3591656175765365
}