{
    "skewness": 3.4430572535955513,
    "kurtosis": 18.270651568498597
}