{
    "skewness": 0.29607821460949146,
    "kurtosis": 4.802720957516215
}