{
    "skewness": 0.6755275553840697,
    "kurtosis": 1.651944899955545
}