{
    "skewness": -0.16883164303488682,
    "kurtosis": 0.6436484365917292
}