{
    "skewness": -0.00769608316400289,
    "kurtosis": 3.407213367216455
}