{
    "skewness": -0.8067955237400454,
    "kurtosis": 0.5549604341070653
}