{
    "skewness": 0.3711112760658891,
    "kurtosis": 6.549230303549637
}