{
    "skewness": 0.7323924256253816,
    "kurtosis": 2.805732517644034
}