{
    "skewness": 0.1866361107270425,
    "kurtosis": 1.941970133327433
}