{
    "skewness": 1.7204871696238777,
    "kurtosis": 3.8492591886626935
}