{
    "skewness": 1.250658217572141,
    "kurtosis": 5.9855483552489055
}