{
    "skewness": -0.07559643354999368,
    "kurtosis": 11.705163880709549
}