{
    "skewness": -0.42930120130774124,
    "kurtosis": 9.407004658367006
}