{
    "skewness": 1.0265461848570459,
    "kurtosis": 5.021176020940015
}