{
    "skewness": 0.1956386582755456,
    "kurtosis": 1.1960420272357908
}