{
    "skewness": -0.6316034492320278,
    "kurtosis": -0.07367462397185687
}