{
    "skewness": -0.4911721253818532,
    "kurtosis": -0.13954652044489446
}