{
    "skewness": -0.2701267695926442,
    "kurtosis": -0.5448327569646048
}