{
    "skewness": 0.1393984693684961,
    "kurtosis": 0.6196208047604754
}