{
    "skewness": -0.37527430141078155,
    "kurtosis": 0.10820891941659738
}