{
    "skewness": -0.4820244411257189,
    "kurtosis": 0.810386408261278
}