{
    "skewness": 0.5103730327321448,
    "kurtosis": 1.8474431827183624
}