{
    "skewness": -0.21141484951029682,
    "kurtosis": 1.5642807550381788
}