{
    "skewness": -0.3982132185197933,
    "kurtosis": 3.4531143517950085
}