{
    "skewness": -0.15694620784932267,
    "kurtosis": 2.072067735636389
}