{
    "skewness": 0.5531313733214571,
    "kurtosis": 0.6161432148727259
}