{
    "skewness": 0.4168168005937479,
    "kurtosis": -0.0899059701701792
}