{
    "skewness": -0.2688962589003147,
    "kurtosis": 0.2881150936549086
}