{
    "skewness": 0.29609593653424865,
    "kurtosis": 2.6263839100825095
}