{
    "skewness": -0.4336941641606979,
    "kurtosis": 0.22097252334758366
}