{
    "skewness": 0.16713197037607175,
    "kurtosis": 1.856522851743179
}