{
    "skewness": -0.36579634020798274,
    "kurtosis": -0.3959009183097648
}