{
    "skewness": -0.27614903904583166,
    "kurtosis": 0.7390030487500274
}