{
    "skewness": 0.6888332268669827,
    "kurtosis": 1.0065575827400117
}