{
    "skewness": 0.24860384750959816,
    "kurtosis": 1.348432902787411
}