{
    "skewness": -0.5172328959735821,
    "kurtosis": 2.3548789239768704
}