{
    "skewness": -1.9966981891361844,
    "kurtosis": 6.468371850293389
}