{
    "skewness": -0.22768306611804717,
    "kurtosis": 0.3145886391753243
}