{
    "skewness": -0.18630427161277519,
    "kurtosis": 4.912390955625615
}