{
    "skewness": 0.577175128341253,
    "kurtosis": 1.980386027370213
}