{
    "skewness": 0.6463684164082373,
    "kurtosis": 1.5703333667864516
}