{
    "skewness": 0.2515093905721702,
    "kurtosis": 0.6286236861909922
}