{
    "skewness": 1.8317771656497808,
    "kurtosis": 9.56972684191411
}