{
    "skewness": 0.1849269184739874,
    "kurtosis": 1.1453827374339856
}