{
    "skewness": -0.3100861742614257,
    "kurtosis": 2.126772299295453
}