{
    "skewness": -0.5691407989616355,
    "kurtosis": -0.038762244523911527
}