{
    "skewness": 0.34162970854348856,
    "kurtosis": 8.691445741157388
}