{
    "skewness": 0.06444955698321585,
    "kurtosis": 0.4106775202777211
}