{
    "skewness": -0.32598033738647036,
    "kurtosis": 0.9182480992734972
}