{
    "skewness": -0.029193070947261212,
    "kurtosis": 0.7837839882059954
}