{
    "skewness": -0.3066402246032412,
    "kurtosis": 0.4750041830653795
}