{
    "skewness": -0.20352162799635262,
    "kurtosis": 2.909089283918104
}