{
    "skewness": 0.07938288023441233,
    "kurtosis": 4.26508872853359
}