{
    "skewness": -0.8903536940044002,
    "kurtosis": 1.1665415852792531
}