{
    "skewness": -0.602809687723046,
    "kurtosis": 0.7383282514894574
}