{
    "skewness": -0.30606553609565784,
    "kurtosis": -0.22219079894392424
}