{
    "skewness": -0.964433705244392,
    "kurtosis": 2.395465379523505
}