{
    "skewness": -1.310932878131976,
    "kurtosis": 15.033175534789155
}