{
    "skewness": 1.4999287168817776,
    "kurtosis": 12.037029786037476
}