{
    "skewness": 0.04650328719898864,
    "kurtosis": 2.6442386759877303
}