{
    "skewness": 1.4209982476721517,
    "kurtosis": 5.09423954609848
}