{
    "skewness": -0.12715869712152103,
    "kurtosis": 0.4856535635285053
}