{
    "skewness": 0.27571907393836975,
    "kurtosis": 3.560036430606303
}