{
    "skewness": -0.0313092635312716,
    "kurtosis": 0.1716077476521134
}