{
    "skewness": 0.553346362530207,
    "kurtosis": 1.3907903722611188
}