{
    "skewness": 0.3935829526138274,
    "kurtosis": 1.6092660504398442
}