{
    "skewness": 0.19126453253799788,
    "kurtosis": 4.615151624696411
}