{
    "skewness": 1.502694577435939,
    "kurtosis": 7.129259188918356
}