{
    "skewness": 1.9740156866511662,
    "kurtosis": 10.787332081933586
}