{
    "skewness": 1.0344970436981917,
    "kurtosis": 15.704046209111311
}