{
    "skewness": -0.06658664392060924,
    "kurtosis": 0.7163789523120898
}