{
    "skewness": -0.13677902266865766,
    "kurtosis": 0.6177653883660703
}