{
    "skewness": 0.9069680299453399,
    "kurtosis": 3.0062712368705604
}