{
    "skewness": 0.3802021006138348,
    "kurtosis": -0.074147249429946
}