{
    "skewness": -0.953607373627967,
    "kurtosis": 1.3959273000211692
}