{
    "skewness": 0.48620169984842265,
    "kurtosis": 0.24765838539942253
}