{
    "skewness": 0.17542397767099624,
    "kurtosis": 0.674859206114482
}