{
    "skewness": 0.1876654594542632,
    "kurtosis": 1.247136876234313
}