{
    "skewness": -0.3403907150928832,
    "kurtosis": 0.3609960815290578
}