{
    "skewness": -0.968731345280145,
    "kurtosis": 3.330758048786418
}