{
    "skewness": 0.4900011697290752,
    "kurtosis": 1.1753742085695391
}