{
    "skewness": -1.0742402418157178,
    "kurtosis": 1.6193714234428018
}