{
    "skewness": -0.597880723332732,
    "kurtosis": 0.20420073324239807
}