{
    "skewness": -0.5089750378728912,
    "kurtosis": 1.2897847390359969
}