{
    "skewness": 1.3383885388853922,
    "kurtosis": 4.918364555502816
}