{
    "skewness": 0.604717219031285,
    "kurtosis": 0.6782291702712397
}