{
    "skewness": -0.18136310208719555,
    "kurtosis": 0.11242756809591148
}