{
    "skewness": -2.041691944231385,
    "kurtosis": 8.852859071199827
}