{
    "skewness": -0.27667221126824953,
    "kurtosis": -0.09806718672991055
}