{
    "skewness": 0.37783246970903983,
    "kurtosis": 2.0055117302967327
}