{
    "skewness": -0.37002472428531386,
    "kurtosis": 0.1717617787391359
}