{
    "skewness": -1.0920392448603105,
    "kurtosis": 4.580126357386608
}