{
    "skewness": 6.3971927760599465,
    "kurtosis": 51.74820546976507
}