{
    "skewness": -0.28632740600922,
    "kurtosis": 0.9106137668906165
}