{
    "skewness": -0.2657010650851704,
    "kurtosis": -0.3379540782487176
}