{
    "skewness": -0.8373406031778706,
    "kurtosis": 1.184263140257368
}