{
    "skewness": 0.5050216128464451,
    "kurtosis": 3.2181290975182506
}