{
    "skewness": -0.5133686027390957,
    "kurtosis": -0.149512600306704
}