{
    "skewness": 0.3109032909776297,
    "kurtosis": 4.943117863158614
}