{
    "skewness": -1.1949475150103361,
    "kurtosis": 3.2038877924539984
}