{
    "skewness": 0.5100194510683391,
    "kurtosis": 1.7108179621901556
}