{
    "skewness": -0.6218886715309249,
    "kurtosis": 3.583710965924917
}