{
    "skewness": 0.9231462555500276,
    "kurtosis": 0.941655515518105
}