{
    "skewness": -0.34731617413667293,
    "kurtosis": 3.493385262818421
}