{
    "skewness": 0.7545898407665537,
    "kurtosis": 1.5524039555286766
}