{
    "skewness": 0.17121593796809653,
    "kurtosis": 1.0114318500631576
}