{
    "skewness": 1.495394482889489,
    "kurtosis": 5.861602829663541
}