{
    "skewness": -0.00035252985425170987,
    "kurtosis": -0.42800709139333737
}