{
    "skewness": 0.2464795395987758,
    "kurtosis": 0.07958362075620817
}