{
    "skewness": -0.12692470156255278,
    "kurtosis": 0.7937777125932262
}