{
    "skewness": -0.273294242823961,
    "kurtosis": 0.5079292519738434
}