{
    "skewness": -0.9766914724877386,
    "kurtosis": 1.2664243112479827
}