{
    "skewness": -0.43847679780065413,
    "kurtosis": 1.1758966611145567
}