{
    "bitcoin": -0.09027677271270404,
    "ethereum": -0.15857202413800608,
    "binancecoin": -0.08236699129158076,
    "solana": -0.22332021012400413,
    "cardano": -0.2841124836768952,
    "tron": -0.08392102378035084,
    "the-open-network": -0.13585478067025797,
    "pi-network": -0.24189428850431116,
    "hedera-hashgraph": -0.168345649891067,
    "avalanche-2": -0.17208612757695738
}