{"bitcoin": {"skewness": -0.008751896272350186, "kurtosis": 1.7080419802775877}, "ethereum": {"skewness": -0.572804485956067, "kurtosis": 2.624795132116585}, "binancecoin": {"skewness": -0.21204860234090323, "kurtosis": 0.7397762974271314}, "solana": {"skewness": 0.1767984902996576, "kurtosis": 4.373094678179145}, "cardano": {"skewness": 2.863792076783716, "kurtosis": 21.53290954242377}, "tron": {"skewness": -0.06040772933821085, "kurtosis": 0.14337844196988359}, "the-open-network": {"skewness": 0.4197107975964824, "kurtosis": 6.034817894394346}, "pi-network": {"skewness": 1.8622269209633764, "kurtosis": 3.3860702067265507}, "hedera-hashgraph": {"skewness": 0.26449734415103604, "kurtosis": 0.9098201201196114}, "avalanche-2": {"skewness": -0.5094501882474479, "kurtosis": 0.6394792526825475}}